zip,city,state,latitude,longitude,timezone,dst
70062, Kenner, LA,29.991051,-90.2469,-6,1
48120, Dearborn, MI,42.306288,-83.15863,-5,1
94701, Berkeley, CA,37.860576,-122.29673,-8,1
14701, Jamestown, NY,42.09179,-79.24459,-5,1
68845, Kearney, NE,40.713265,-99.11839,-6,1
21401, Annapolis, MD,38.997511,-76.49803,-5,1
59801, Missoula, MT,46.855423,-114.01229,-7,1
60301, Oak Park, IL,41.887981,-87.79562,-6,1
61820, Champaign, IL,40.114931,-88.24322,-6,1
19054, Levittown, PA,40.166859,-74.82066,-5,1
71101, Shreveport, LA,32.505352,-93.74861,-6,1
30263, Newnan, GA,33.38779,-84.82536,-5,1
48823, East Lansing, MI,42.747922,-84.47143,-5,1
625, Caguas, PR,18.232109,-66.039087,-4,0
60431, Joliet, IL,41.52493,-88.19022,-6,1
65101, Jefferson City, MO,38.535897,-92.13905,-6,1
20001, Washington, DC,38.907711,-77.01732,-5,1
91790, West Covina, CA,34.068059,-117.93835,-8,1
77320, Huntsville, TX,30.805099,-95.50719,-6,1
22191, Woodbridge, VA,38.63275,-77.26786,-5,1
97005, Beaverton, OR,45.49106,-122.80359,-8,1
55368, Norwood, MN,44.756883,-93.91666,-6,1
2172, Watertown, MA,42.372596,-71.177998,-5,1
46243, Washington, IN,39.779741,-86.332995,-5,0
33301, Fort Lauderdale, FL,26.121114,-80.13187,-5,1
94014, Daly City, CA,37.699182,-122.45035,-8,1
91801, Alhambra, CA,34.090409,-118.127,-8,1
30006, Marietta, GA,33.912473,-84.557181,-5,1
34748, Leesburg, FL,28.797245,-81.88466,-5,1
84601, Provo, UT,40.230954,-111.68006,-7,1
10701, Yonkers, NY,40.943525,-73.88176,-5,1
93650, Fresno, CA,36.841454,-119.79832,-8,1
20163, Sterling, VA,39.085309,-77.645224,-5,1
23062, Gloucester Point, VA,37.257466,-76.49661,-5,1
80120, Littleton, CO,39.599687,-105.00658,-7,1
38501, Cookeville, TN,36.1832,-85.52054,-6,1
90204, Inglewood, CA,33.944714,-118.356908,-8,1
7097, Jersey City, NJ,40.73276,-74.075485,-5,1
19019, Philadelphia, PA,40.001811,-75.11787,-5,1
55401, Minneapolis, MN,44.984615,-93.27137,-6,1
33060, Pompano Beach, FL,26.232009,-80.12211,-5,1
94945, Novato, CA,38.117065,-122.56316,-8,1
12179, Troy, NY,42.71144,-73.525561,-5,1
48310, Sterling Heights, MI,42.563644,-83.07158,-5,1
71901, Hot Springs National Park, AR,34.506487,-93.01941,-6,1
17401, York, PA,39.962463,-76.72887,-5,1
40601, Frankfort, KY,38.201649,-84.86935,-5,1
55394, Young America, MN,44.805487,-93.766524,-6,1
49001, Kalamazoo, MI,42.278891,-85.55107,-5,1
23803, Petersburg, VA,37.21695,-77.43063,-5,1
11102, Astoria, NY,40.771286,-73.92462,-5,1
77449, Katy, TX,29.825908,-95.7301,-6,1
74801, Shawnee, OK,35.327341,-96.93544,-6,1
11050, Port Washington, NY,40.833246,-73.69309,-5,1
36201, Anniston, AL,33.658803,-85.85178,-6,1
5401, Burlington, VT,44.484038,-73.22126,-5,1
30116, Carrollton, GA,33.560454,-85.02254,-5,1
49684, Traverse City, MI,44.74136,-85.67316,-5,1
14064, Rochester, NY,43.158013,-77.607049,-5,1
66201, Shawnee Mission, KS,39.007755,-94.679486,-6,1
93277, Visalia, CA,36.311,-119.32637,-8,1
66051, Olathe, KS,38.899901,-94.831991,-6,1
32922, Cocoa, FL,28.366284,-80.74196,-5,1
27215, Burlington, NC,36.072336,-79.4698,-5,1
29401, Charleston, SC,32.779126,-79.9355,-5,1
13501, Utica, NY,43.087669,-75.22681,-5,1
89701, Carson City, NV,39.147877,-119.74536,-8,1
45801, Lima, OH,40.759451,-84.08458,-5,1
41101, Ashland, KY,38.473961,-82.64532,-5,1
34741, Kissimmee, FL,28.301788,-81.42159,-5,1
92856, Orange, CA,33.640302,-117.769442,-8,1
90745, Carson, CA,33.823765,-118.2668,-8,1
80110, Englewood, CO,39.646847,-104.99076,-7,1
33444, Delray Beach, FL,26.460951,-80.07891,-5,1
93001, Ventura, CA,34.311203,-119.30164,-8,1
33801, Lakeland, FL,28.041198,-81.92392,-5,1
94540, Hayward, CA,37.680181,-121.921498,-8,1
48374, Novi, MI,42.467945,-83.51766,-5,1
28051, Gastonia, NC,35.284018,-81.189693,-5,1
51101, Sioux City, IA,42.493559,-96.39562,-6,1
3839, Rochester, NH,43.267581,-70.98552,-5,1
11351, Flushing, NY,40.781703,-73.831698,-5,1
77590, Texas City, TX,29.395283,-94.91759,-6,1
12201, Albany, NY,42.614852,-73.970812,-5,1
56001, Mankato, MN,44.15644,-93.99388,-6,1
91316, Encino, CA,34.168753,-118.51636,-8,1
92658, Newport Beach, CA,33.640302,-117.769442,-8,1
30161, Rome, GA,34.253343,-85.15312,-5,1
89431, Sparks, NV,39.542711,-119.75445,-8,1
20101, Dulles, VA,39.002125,-77.442066,-5,1
29730, Rock Hill, SC,34.914611,-81.0125,-5,1
48501, Flint, MI,42.965926,-83.780835,-5,1
95926, Chico, CA,39.745973,-121.84259,-8,1
70001, Metairie, LA,29.984096,-90.16902,-6,1
99336, Kennewick, WA,46.210957,-119.16369,-8,1
21201, Baltimore, MD,39.295306,-76.62118,-5,1
62701, Springfield, IL,39.80095,-89.64999,-6,1
78130, New Braunfels, TX,29.699844,-98.10754,-6,1
31545, Jesup, GA,31.636895,-81.90843,-5,1
84321, Logan, UT,41.730637,-111.78042,-7,1
35630, Florence, AL,34.817537,-87.66253,-6,1
15901, Johnstown, PA,40.325374,-78.91485,-5,1
80501, Longmont, CO,40.171484,-105.10033,-7,1
24060, Blacksburg, VA,37.232027,-80.42127,-5,1
48103, Ann Arbor, MI,42.280887,-83.79147,-5,1
11020, Great Neck, NY,40.771082,-73.71819,-5,1
35401, Tuscaloosa, AL,33.193818,-87.56843,-6,1
35201, Birmingham, AL,33.456412,-86.801904,-6,1
34423, Crystal River, FL,28.867027,-82.572703,-5,1
87101, Albuquerque, NM,35.199592,-106.644831,-7,1
60120, Elgin, IL,42.037176,-88.25922,-6,1
10601, White Plains, NY,41.032489,-73.76454,-5,1
27530, Goldsboro, NC,35.384344,-78.00893,-5,1
7960, Morristown, NJ,40.79215,-74.48559,-5,1
95101, San Jose, CA,37.189396,-121.705327,-8,1
76540, Killeen, TX,31.085833,-97.357099,-6,1
31757, Thomasville, GA,30.883208,-83.91237,-5,1
820, Christiansted, VI,17.734211,-64.734694,-4,0
27260, High Point, NC,35.950436,-79.99345,-5,1
86301, Prescott, AZ,34.589477,-112.44726,-7,0
30083, Stone Mountain, GA,33.795622,-84.19771,-5,1
94085, Sunnyvale, CA,37.38894,-122.017956,-8,1
52801, Davenport, IA,41.522832,-90.57503,-6,1
90650, Norwalk, CA,33.906914,-118.08339,-8,1
21660, Ridgely, MD,38.954731,-75.88459,-5,1
76085, Weatherford, TX,32.847183,-97.6986,-6,1
85224, Chandler, AZ,33.328951,-111.8735,-7,0
64063, Lees Summit, MO,38.913857,-94.36397,-6,1
22301, Alexandria, VA,38.819863,-77.05854,-5,1
38301, Jackson, TN,35.60758,-88.81959,-6,1
80521, Fort Collins, CO,40.586282,-105.10494,-7,1
14901, Elmira, NY,42.091924,-76.79217,-5,1
32099, Jacksonville, FL,30.337538,-81.768622,-5,1
22401, Fredericksburg, VA,38.301829,-77.47077,-5,1
30042, Lawrenceville, GA,33.929464,-84.103226,-5,1
32114, Daytona Beach, FL,29.204009,-81.03602,-5,1
50301, Des Moines, IA,41.672687,-93.572173,-6,1
48201, Detroit, MI,42.343787,-83.05879,-5,1
20146, Ashburn, VA,39.085309,-77.645224,-5,1
88001, Las Cruces, NM,32.300193,-106.76078,-7,1
34284, Venice, FL,27.167521,-82.380967,-5,1
16801, State College, PA,40.792011,-77.84993,-5,1
22101, McLean, VA,38.93276,-77.1677,-5,1
62521, Decatur, IL,39.828586,-88.92907,-6,1
92701, Santa Ana, CA,33.747017,-117.86248,-8,1
30458, Statesboro, GA,32.423083,-81.80677,-5,1
91350, Santa Clarita, CA,34.481172,-118.42821,-8,1
92501, Riverside, CA,33.991181,-117.37074,-8,1
63011, Ballwin, MO,38.601403,-90.55209,-6,1
6430, Fairfield, CT,41.163445,-73.2629,-5,1
94035, Mountain View, CA,37.189396,-121.705327,-8,1
8901, New Brunswick, NJ,40.488304,-74.44775,-5,1
70112, New Orleans, LA,29.956804,-90.07757,-6,1
71301, Alexandria, LA,31.294532,-92.46015,-6,1
48901, Lansing, MI,42.599184,-84.371973,-5,1
5601, Montpelier, VT,44.19906,-72.559638,-5,1
48640, Midland, MI,43.605457,-84.27234,-5,1
32501, Pensacola, FL,30.420997,-87.22305,-6,1
14850, Ithaca, NY,42.449454,-76.49685,-5,1
47302, Muncie, IN,40.164393,-85.38114,-5,0
22201, Arlington, VA,38.885337,-77.09512,-5,1
79901, El Paso, TX,31.759558,-106.48011,-7,1
55101, Saint Paul, MN,44.964852,-93.08397,-6,1
55184, Duluth, MN,46.837172,-92.202829,-6,1
93454, Santa Maria, CA,34.900809,-120.34876,-8,1
31601, Valdosta, GA,30.807279,-83.28661,-5,1
19481, Valley Forge, PA,40.092269,-75.453735,-5,1
44701, Canton, OH,40.782408,-81.371185,-5,1
93901, Salinas, CA,36.665879,-121.65497,-8,1
32901, Melbourne, FL,28.077494,-80.61987,-5,1
64801, Joplin, MO,37.09416,-94.50169,-6,1
75501, Texarkana, TX,33.414708,-94.08984,-6,1
86001, Flagstaff, AZ,35.279872,-111.72256,-7,0
31700, Albany, GA,31.564274,-84.165407,-5,1
23630, Hampton, VA,37.072658,-76.38992,-5,1
90209, Beverly Hills, CA,33.786594,-118.298662,-8,1
60038, Palatine, IL,42.097976,-88.014072,-6,1
77640, Port Arthur, TX,29.879796,-93.95575,-6,1
91601, North Hollywood, CA,34.168206,-118.37246,-8,1
72032, Conway, AR,35.075467,-92.43401,-6,1
77478, Sugar Land, TX,29.627737,-95.62444,-6,1
61101, Rockford, IL,42.292221,-89.12574,-6,1
39401, Hattiesburg, MS,31.285508,-89.2799,-6,1
95350, Modesto, CA,37.671778,-121.01249,-8,1
73003, Edmond, OK,35.681402,-97.5331,-6,1
44301, Akron, OH,41.043955,-81.51919,-5,1
37201, Nashville, TN,36.164556,-86.77738,-6,1
2720, Fall River, MA,41.716952,-71.13986,-5,1
32135, Palm Coast, FL,29.466085,-81.282815,-5,1
84101, Salt Lake City, UT,40.754746,-111.89875,-7,1
37127, Murfreesboro, TN,35.791021,-86.34445,-6,1
50701, Waterloo, IA,42.473536,-92.36382,-6,1
63859, Independence, MO,36.267961,-90.031801,-6,1
73101, Oklahoma City, OK,35.491608,-97.562817,-6,1
78126, San Antonio, TX,29.55302,-98.486871,-6,1
58000, Minot, ND,48.226422,-101.274388,-6,1
15201, Pittsburgh, PA,40.471468,-79.95726,-5,1
39701, Columbus, MS,33.492107,-88.43746,-6,1
7501, Paterson, NJ,40.912198,-74.16863,-5,1
99501, Anchorage, AK,61.216799,-149.87828,-9,1
27514, Chapel Hill, NC,35.915083,-79.02939,-5,1
42301, Owensboro, KY,37.753347,-87.17419,-6,1
95201, Stockton, CA,37.672196,-121.298794,-8,1
44501, Youngstown, OH,41.017082,-80.802854,-5,1
41071, Newport, KY,39.08347,-84.48681,-5,1
11405, Jamaica, NY,40.651378,-73.870779,-5,1
50010, Ames, IA,42.02933,-93.60966,-6,1
2301, Brockton, MA,42.0794,-71.03441,-5,1
6830, Greenwich, CT,41.03073,-73.62985,-5,1
20781, Hyattsville, MD,38.946746,-76.9356,-5,1
46601, South Bend, IN,41.671197,-86.25253,-5,0
6850, Norwalk, CT,41.124546,-73.43658,-5,1
57700, Rapid City, SD,44.090788,-103.284511,-7,1
28501, Kinston, NC,35.260895,-77.56469,-5,1
31201, Macon, GA,32.830839,-83.63529,-5,1
74003, Bartlesville, OK,36.741589,-96.00614,-6,1
30719, Dalton, GA,34.801861,-84.989796,-5,1
30301, Atlanta, GA,33.844371,-84.47405,-5,1
80030, Westminster, CO,39.830936,-105.03736,-7,1
37401, Chattanooga, TN,35.017818,-85.206426,-5,1
2192, Needham, MA,42.180048,-71.08923,-5,1
79701, Midland, TX,31.995623,-102.08108,-6,1
210, Portsmouth, NH,43.005895,-71.013202,-5,1
901, San Juan, PR,18.465426,-66.10786,-4,0
59101, Billings, MT,45.737525,-108.48754,-7,1
47130, Jeffersonville, IN,38.309105,-85.72035,-5,1
16016, Boyers, PA,40.921145,-79.92758,-5,1
79830, Alpine, TX,30.011559,-103.56444,-6,1
31520, Brunswick, GA,31.166786,-81.49213,-5,1
98310, Bremerton, WA,47.58675,-122.62371,-8,1
55901, Rochester, MN,44.048931,-92.49459,-6,1
33901, Fort Myers, FL,26.62365,-81.8727,-5,1
33770, Largo, FL,27.916149,-82.80122,-5,1
70440, Mandeville, LA,30.375852,-90.07828,-6,1
33904, Cape Coral, FL,26.582185,-81.95528,-5,1
73019, Norman, OK,35.208566,-97.44451,-6,1
37311, Cleveland, TN,35.146362,-84.88723,-5,1
92401, San Bernardino, CA,34.105079,-117.29075,-8,1
59401, Great Falls, MT,47.509157,-111.27408,-7,1
75023, Plano, TX,33.054671,-96.73506,-6,1
3101, Manchester, NH,42.989984,-71.46376,-5,1
92037, La Jolla, CA,32.838761,-117.26159,-8,1
78501, Mcallen, TX,26.213105,-98.23579,-6,1
91744, La Puente, CA,34.029561,-117.93975,-8,1
22030, Fairfax, VA,38.846212,-77.32787,-5,1
76528, Gatesville, TX,31.43211,-97.72602,-6,1
48088, Warren, MI,42.516851,-82.982757,-5,1
19702, Newark, DE,39.626297,-75.71386,-5,1
93940, Monterey, CA,36.586193,-121.88667,-8,1
35020, Bessemer, AL,33.405559,-86.95141,-6,1
35601, Decatur, AL,34.595332,-86.98786,-6,1
7101, Newark, NJ,40.736101,-74.22509,-5,1
70360, Houma, LA,29.593377,-90.7475,-6,1
38555, Crossville, TN,35.929314,-85.05926,-6,1
90401, Santa Monica, CA,34.01491,-118.4922,-8,1
20601, Waldorf, MD,38.634306,-76.86008,-5,1
27401, Greensboro, NC,36.071135,-79.77468,-5,1
75961, Nacogdoches, TX,31.626011,-94.60338,-6,1
34201, Bradenton, FL,27.400627,-82.47104,-5,1
85217, Apache Junction, AZ,33.393398,-111.478975,-7,0
93401, San Luis Obispo, CA,35.262548,-120.65196,-8,1
94203, Sacramento, CA,38.380456,-121.555406,-8,1
99701, Fairbanks, AK,64.83507,-147.72045,-9,1
2344, Middleboro, MA,41.970474,-70.701357,-5,1
10301, Staten Island, NY,40.631775,-74.09432,-5,1
44481, Warren, OH,41.205342,-80.85756,-5,1
29201, Columbia, SC,33.998454,-81.03519,-5,1
33599, Punta Gorda, FL,26.871443,-82.007115,-5,1
85635, Sierra Vista, AZ,31.562546,-110.24288,-7,0
20901, Silver Spring, MD,39.020359,-77.0115,-5,1
92543, Hemet, CA,33.73542,-116.97401,-8,1
14301, Niagara Falls, NY,43.096555,-79.03925,-5,1
79401, Lubbock, TX,33.578935,-101.8316,-6,1
2740, New Bedford, MA,41.634754,-70.93752,-5,1
91006, Arcadia, CA,34.134057,-118.02662,-8,1
34652, New Port Richey, FL,28.237582,-82.72818,-5,1
95340, Merced, CA,37.294648,-120.47474,-8,1
72401, Jonesboro, AR,35.844795,-90.68443,-6,1
92605, Huntington Beach, CA,33.640302,-117.769442,-8,1
18701, Wilkes Barre, PA,41.243181,-75.88438,-5,1
1901, Lynn, MA,42.461246,-70.946743,-5,1
39301, Meridian, MS,32.339004,-88.6596,-6,1
91388, Van Nuys, CA,33.786594,-118.298662,-8,1
20190, Reston, VA,38.959673,-77.3462,-5,1
35501, Jasper, AL,33.828412,-87.27632,-6,1
84070, Sandy, UT,40.581595,-111.88821,-7,1
91909, Chula Vista, CA,33.016928,-116.846046,-8,1
47256, North Vernon, IN,39.037187,-85.617307,-5,0
91731, El Monte, CA,34.076642,-118.03942,-8,1
98003, Federal Way, WA,47.311072,-122.31188,-8,1
32570, Milton, FL,30.70969,-87.01098,-6,1
60540, Naperville, IL,41.764779,-88.14579,-6,1
71111, Bossier City, LA,32.552315,-93.70836,-6,1
27701, Durham, NC,35.997193,-78.89731,-5,1
4330, Augusta, ME,44.344406,-69.76345,-5,1
35901, Gadsden, AL,34.016747,-85.99282,-6,1
75861, Tennessee Colony, TX,31.829314,-95.86383,-6,1
94401, San Mateo, CA,37.570385,-122.32044,-8,1
46320, Hammond, IN,41.610035,-87.50574,-6,1
92262, Palm Springs, CA,33.842984,-116.54344,-8,1
79760, Odessa, TX,31.765163,-102.354346,-6,1
93030, Oxnard, CA,34.21707,-119.1769,-8,1
8540, Princeton, NJ,40.357439,-74.64922,-5,1
11735, Farmingdale, NY,40.725968,-73.44151,-5,1
28401, Wilmington, NC,34.235219,-77.94134,-5,1
18501, Scranton, PA,41.401881,-75.637626,-5,1
33019, Hollywood, FL,26.018967,-80.12231,-5,1
95401, Santa Rosa, CA,38.440111,-122.74563,-8,1
20772, Upper Marlboro, MD,38.792281,-76.781,-5,1
97257, Grants Pass, OR,42.421567,-123.33749,-8,1
7011, Clifton, NJ,40.879699,-74.14263,-5,1
18015, Bethlehem, PA,40.601261,-75.37542,-5,1
27893, Wilson, NC,35.715315,-77.91989,-5,1
75050, Grand Prairie, TX,32.759922,-97.01216,-6,1
27144, Salisbury, NC,35.708966,-80.464515,-5,1
74074, Stillwater, OK,36.105571,-97.07631,-6,1
10001, New York, NY,40.750742,-73.99653,-5,1
30030, Decatur, GA,33.771705,-84.29407,-5,1
30601, Athens, GA,33.979016,-83.36423,-5,1
94101, San Francisco, CA,37.784827,-122.727802,-8,1
2158, Newton, MA,42.353696,-71.188149,-5,1
11690, Far Rockaway, NY,40.651378,-73.870779,-5,1
34470, Ocala, FL,29.198704,-82.10556,-5,1
33501, Brandon, FL,27.929731,-82.315058,-5,1
66502, Manhattan, KS,39.184986,-96.56932,-6,1
68501, Lincoln, NE,40.865142,-96.823133,-6,1
48007, Troy, MI,42.606088,-83.297593,-5,1
22081, Merrifield, VA,38.873861,-77.234454,-5,1
33755, Clearwater, FL,27.979114,-82.78166,-5,1
23501, Norfolk, VA,36.895911,-76.208521,-5,1
39501, Gulfport, MS,30.380597,-89.09626,-6,1
59701, Butte, MT,45.996957,-112.51279,-7,1
89101, Las Vegas, NV,36.17022,-115.12785,-8,1
6050, New Britain, CT,41.666049,-72.778391,-5,1
60116, Carol Stream, IL,41.839679,-88.088716,-6,1
49301, Ada, MI,42.97252,-85.47798,-5,1
59901, Kalispell, MT,48.201414,-114.32202,-7,1
58501, Bismarck, ND,46.83962,-100.7723,-6,1
801, St Thomas, VI,18.322285,-64.963715,-4,0
92002, Carlsbad, CA,33.198032,-117.234701,-8,1
94536, Fremont, CA,37.562218,-121.99433,-8,1
90601, Whittier, CA,34.002333,-118.03562,-8,1
14201, Buffalo, NY,42.896407,-78.88515,-5,1
19901, Dover, DE,39.16426,-75.51163,-5,1
40201, Louisville, KY,38.188962,-85.676819,-5,1
36601, Mobile, AL,30.701142,-88.103184,-6,1
3030, Nashua, NH,42.749988,-71.46431,-5,1
92025, Escondido, CA,33.106862,-117.07077,-8,1
76001, Arlington, TX,32.634203,-97.14403,-6,1
78840, Del Rio, TX,29.404267,-100.88116,-6,1
2188, Weymouth, MA,42.212866,-70.95872,-5,1
37040, Clarksville, TN,36.528448,-87.34142,-6,1
20877, Gaithersburg, MD,39.13975,-77.18568,-5,1
96801, Honolulu, HI,24.859832,-168.021815,-10,0
78664, Round Rock, TX,30.514401,-97.65549,-6,1
47901, Lafayette, IN,40.418585,-86.88975,-5,0
67201, Wichita, KS,37.651974,-97.258997,-6,1
48359, Lake Orion, MI,42.722932,-83.28537,-5,1
6107, W Hartford, CT,41.75275,-72.7546,-5,1
76201, Denton, TX,33.226598,-97.13061,-6,1
61701, Bloomington, IL,40.477286,-88.99592,-6,1
34769, Saint Cloud, FL,28.24934,-81.28749,-5,1
1850, Lowell, MA,42.655791,-71.30504,-5,1
72019, North Little Rock, AR,34.804791,-92.28925,-6,1
92680, Garden Grove, CA,33.792124,-117.993561,-8,1
32173, Ormond Beach, FL,29.022729,-81.172169,-5,1
34678, Palm Harbor, FL,28.061727,-82.777757,-5,1
77840, College Station, TX,30.614647,-96.32641,-6,1
85233, Gilbert, AZ,33.348593,-111.80833,-7,0
47048, Bloomington, IN,39.155801,-86.516419,-5,0
37064, Franklin, TN,35.893823,-86.89919,-6,1
27101, Winston Salem, NC,36.107037,-80.21918,-5,1
37501, Memphis, TN,35.169255,-89.990415,-6,1
56560, Moorhead, MN,46.861413,-96.75367,-6,1
39201, Jackson, MS,32.292396,-90.18328,-6,1
11530, Garden City, NY,40.725257,-73.64056,-5,1
63301, Saint Charles, MO,38.808583,-90.50687,-6,1
32301, Tallahassee, FL,30.431283,-84.26903,-5,1
52001, Dubuque, IA,42.515252,-90.6794,-6,1
60504, Aurora, IL,41.760067,-88.25218,-6,1
19401, Norristown, PA,40.123708,-75.33843,-5,1
8817, Edison, NJ,40.516104,-74.39754,-5,1
97201, Portland, OR,45.49894,-122.68781,-8,1
30901, Augusta, GA,33.461121,-81.97265,-5,1
85301, Glendale, AZ,33.534128,-112.1767,-7,0
13440, Rome, NY,43.217069,-75.45531,-5,1
37660, Kingsport, TN,36.547133,-82.55408,-5,1
61201, Rock Island, IL,41.4903,-90.56956,-6,1
17001, Camp Hill, PA,40.21604,-76.924996,-5,1
95605, West Sacramento, CA,38.592155,-121.52805,-8,1
44901, Mansfield, OH,40.850833,-82.511369,-5,1
85087, New River, AZ,33.921493,-112.09992,-7,0
22606, Newport News, VA,38.112139,-77.329674,-5,1
75014, Irving, TX,32.767268,-96.777626,-6,1
20175, Leesburg, VA,39.080037,-77.58025,-5,1
49201, Jackson, MI,42.252268,-84.38842,-5,1
98201, Everett, WA,47.986274,-122.20222,-8,1
40741, London, KY,37.143828,-84.07839,-5,1
70458, Slidell, LA,30.269565,-89.77587,-6,1
34133, Bonita Springs, FL,26.552895,-81.94861,-5,1
94059, Redwood City, CA,37.381144,-122.334825,-8,1
49014, Battle Creek, MI,42.311089,-85.13845,-5,1
23185, Williamsburg, VA,37.256301,-76.70024,-5,1
665, Ponce, PR,18.044224,-66.502103,-4,0
7060, Plainfield, NJ,40.620102,-74.42481,-5,1
22180, Vienna, VA,38.894711,-77.25337,-5,1
34924, Okeechobee, FL,27.227002,-80.829442,-5,1
52401, Cedar Rapids, IA,41.97545,-91.65912,-6,1
36301, Dothan, AL,31.180076,-85.4045,-6,1
80201, Denver, CO,39.726303,-104.856808,-7,1
46201, Indianapolis, IN,39.775125,-86.10839,-5,0
93101, Santa Barbara, CA,34.420163,-119.7065,-8,1
65602, Springfield, MO,37.859361,-92.705545,-6,1
6601, Bridgeport, CT,41.308873,-73.363661,-5,1
28301, Fayetteville, NC,35.042389,-78.84124,-5,1
75901, Lufkin, TX,31.330567,-94.68667,-6,1
90001, Los Angeles, CA,33.972914,-118.24878,-8,1
84770, Saint George, UT,37.118352,-113.5987,-7,1
71601, Pine Bluff, AR,34.215648,-91.98841,-6,1
75601, Longview, TX,32.505248,-94.73172,-6,1
1601, Worcester, MA,42.265275,-71.879415,-5,1
93534, Lancaster, CA,34.698696,-118.15015,-8,1
34430, Dunnellon, FL,29.240728,-82.087458,-5,1
97401, Eugene, OR,44.06092,-123.08275,-8,1
1427, Westborough, MA,42.286575,-71.585753,-5,1
73301, Austin, TX,30.326374,-97.771258,-6,1
92101, San Diego, CA,32.719601,-117.16246,-8,1
75080, Richardson, TX,32.969523,-96.74093,-6,1
20108, Manassas, VA,38.744685,-77.487162,-5,1
72701, Fayetteville, AR,36.040467,-94.13376,-6,1
4101, Portland, ME,43.660525,-70.25862,-5,1
979, Carolina, PR,18.431885,-66.0127,-4,0
39567, Pascagoula, MS,30.362203,-88.5469,-6,1
88201, Roswell, NM,33.485178,-104.55089,-7,1
89009, Henderson, NV,35.927901,-114.972061,-8,1
6810, Danbury, CT,41.390194,-73.45441,-5,1
42101, Bowling Green, KY,37.010643,-86.46145,-6,1
34604, Spring Hill, FL,28.478994,-82.453508,-5,1
55348, Maple Plain, MN,44.848263,-93.398727,-6,1
70801, Baton Rouge, LA,30.44884,-91.18633,-6,1
94801, Richmond, CA,37.941424,-122.36628,-8,1
49784, Kincheloe, MI,46.410777,-84.336519,-5,1
94901, San Rafael, CA,37.972423,-122.51484,-8,1
77567, League City, TX,29.545836,-95.041532,-6,1
21701, Frederick, MD,39.423344,-77.38902,-5,1
92831, Fullerton, CA,33.878981,-117.89325,-8,1
61601, Peoria, IL,40.693137,-89.589847,-6,1
29646, Greenwood, SC,34.169781,-82.15474,-5,1
18040, Easton, PA,40.730182,-75.22349,-5,1
16101, New Castle, PA,40.992023,-80.32747,-5,1
77701, Beaumont, TX,30.074112,-94.10358,-6,1
80301, Boulder, CO,40.044385,-105.21928,-7,1
965, Guaynabo, PR,18.431453,-66.11703,-4,0
32801, Orlando, FL,28.541879,-81.37446,-5,1
43085, Columbus, OH,40.097796,-83.02076,-5,1
63101, Saint Louis, MO,38.631551,-90.193,-6,1
17701, Williamsport, PA,41.256736,-77.0108,-5,1
75401, Greenville, TX,33.15023,-96.11289,-6,1
32789, Winter Park, FL,28.598677,-81.35594,-5,1
34945, Fort Pierce, FL,27.431607,-80.4915,-5,1
23201, Richmond, VA,37.541106,-77.431825,-5,1
83201, Pocatello, ID,42.883214,-112.43968,-7,1
85364, Yuma, AZ,32.704499,-114.64644,-7,0
38053, Millington, TN,35.347965,-89.90668,-6,1
29549, Myrtle Beach, SC,33.798844,-78.739531,-5,1
23450, Virginia Beach, VA,36.844004,-76.12036,-5,1
75029, Lewisville, TX,33.20743,-97.116282,-6,1
90239, Downey, CA,33.786594,-118.298662,-8,1
22901, Charlottesville, VA,38.072402,-78.50149,-5,1
97301, Salem, OR,44.926644,-122.98694,-8,1
90620, Buena Park, CA,33.841014,-118.00969,-8,1
33601, Tampa, FL,27.996097,-82.582035,-5,1
77501, Pasadena, TX,29.83399,-95.434241,-6,1
32401, Panama City, FL,30.161901,-85.65297,-6,1
6108, East Hartford, CT,41.778316,-72.62313,-5,1
87501, Santa Fe, NM,35.755312,-105.99936,-7,1
91758, Ontario, CA,34.839964,-115.967051,-8,1
76701, Waco, TX,31.551955,-97.13833,-6,1
92801, Anaheim, CA,33.844814,-117.95381,-8,1
76901, San Angelo, TX,31.474132,-100.5198,-6,1
23432, Suffolk, VA,36.871628,-76.56063,-5,1
98011, Bothell, WA,47.751471,-122.20257,-8,1
94595, Walnut Creek, CA,37.879757,-122.07143,-8,1
30133, Douglasville, GA,33.68966,-84.744595,-5,1
32024, Lake City, FL,30.108128,-82.72529,-5,1
71201, Monroe, LA,32.519393,-92.10755,-6,1
86336, Sedona, AZ,34.876638,-111.80666,-7,0
28201, Charlotte, NC,35.26002,-80.804151,-5,1
94952, Petaluma, CA,38.243734,-122.69345,-8,1
91941, La Mesa, CA,32.761801,-117.01273,-8,1
12601, Poughkeepsie, NY,41.701443,-73.91922,-5,1
73701, Enid, OK,36.411133,-97.85026,-6,1
6901, Stamford, CT,41.051996,-73.53903,-5,1
48306, Rochester, MI,42.708151,-83.16584,-5,1
23320, Chesapeake, VA,36.761698,-76.24511,-5,1
35611, Athens, AL,34.784028,-87.02767,-6,1
74601, Ponca City, OK,36.707393,-97.10167,-6,1
94066, San Bruno, CA,37.625908,-122.42363,-8,1
64101, Kansas City, MO,39.103037,-94.60066,-6,1
60016, Des Plaines, IL,42.047178,-87.89058,-6,1
62220, Belleville, IL,38.50046,-89.97654,-6,1
1701, Framingham, MA,42.318695,-71.42344,-5,1
73501, Lawton, OK,34.608348,-98.39414,-6,1
89501, Reno, NV,39.52616,-119.81367,-8,1
75201, Dallas, TX,32.787629,-96.79941,-6,1
11040, New Hyde Park, NY,40.742901,-73.67895,-5,1
19380, West Chester, PA,39.983108,-75.59332,-5,1
956, Bayamon, PR,18.34216,-66.16643,-4,0
32780, Titusville, FL,28.564077,-80.81695,-5,1
34101, Naples, FL,25.855534,-81.38719,-5,1
32725, Deltona, FL,28.902426,-81.24515,-5,1
39530, Biloxi, MS,30.399148,-88.88917,-6,1
63701, Cape Girardeau, MO,37.32564,-89.5659,-6,1
58201, Grand Forks, ND,47.899217,-97.05896,-6,1
43601, Toledo, OH,41.720684,-83.569359,-5,1
77373, Spring, TX,30.056394,-95.38961,-6,1
11201, Brooklyn, NY,40.695286,-73.98907,-5,1
1810, Andover, MA,42.646942,-71.1513,-5,1
80401, Golden, CO,39.735745,-105.19337,-7,1
37601, Johnson City, TN,36.331006,-82.3386,-5,1
76501, Temple, TX,31.093215,-97.31086,-6,1
29909, Hilton Head Island, SC,32.312621,-80.915532,-5,1
70432, Covington, LA,30.496278,-90.131145,-6,1
72201, Little Rock, AR,34.745692,-92.27987,-6,1
64501, Saint Joseph, MO,39.766144,-94.84504,-6,1
66044, Lawrence, KS,38.983551,-95.23202,-6,1
15130, McKeesport, PA,40.434436,-80.024817,-5,1
24001, Roanoke, VA,37.274175,-79.95786,-5,1
22040, Falls Church, VA,38.884177,-77.171752,-5,1
33870, Sebring, FL,27.483817,-81.42131,-5,1
11553, Uniondale, NY,40.703502,-73.59306,-5,1
91403, Sherman Oaks, CA,34.152513,-118.46396,-8,1
98225, Bellingham, WA,48.747578,-122.48508,-8,1
85701, Tucson, AZ,32.216743,-110.9696,-7,0
49501, Grand Rapids, MI,42.984226,-85.629101,-5,1
33427, Boca Raton, FL,26.375954,-80.10717,-5,1
96001, Redding, CA,40.56816,-122.41519,-8,1
94589, Vallejo, CA,38.152068,-122.25074,-8,1
91050, Pasadena, CA,33.786594,-118.298662,-8,1
30004, Alpharetta, GA,34.119177,-84.30292,-5,1
73533, Duncan, OK,34.502833,-97.95185,-6,1
33101, Miami, FL,25.779076,-80.19782,-5,1
77550, Galveston, TX,29.298448,-94.79316,-6,1
78550, Harlingen, TX,26.206602,-97.68776,-6,1
10550, Mount Vernon, NY,40.907607,-73.83709,-5,1
19601, Reading, PA,40.348092,-75.93577,-5,1
36801, Opelika, AL,32.660497,-85.39917,-6,1
6514, Hamden, CT,41.357947,-72.93765,-5,1
83401, Idaho Falls, ID,43.528891,-111.98136,-7,1
24153, Salem, VA,37.288807,-80.07821,-5,1
90220, Compton, CA,33.890566,-118.23666,-8,1
19801, Wilmington, DE,39.738563,-75.54833,-5,1
20731, Capitol Heights, MD,38.833563,-76.877743,-5,1
47412, Evansville, IN,37.975102,-87.626938,-6,1
59601, Helena, MT,46.588803,-112.04193,-7,1
23701, Portsmouth, VA,36.810448,-76.36811,-5,1
92589, Temecula, CA,33.752886,-116.055617,-8,1
12301, Schenectady, NY,42.833261,-74.058015,-5,1
89030, North Las Vegas, NV,36.206419,-115.12318,-8,1
59715, Bozeman, MT,45.707153,-110.9878,-7,1
46514, Elkhart, IN,41.707616,-85.97605,-5,0
2169, Quincy, MA,42.250739,-70.99593,-5,1
90711, Lakewood, CA,33.786594,-118.298662,-8,1
32750, Longwood, FL,28.703674,-81.35384,-5,1
83651, Nampa, ID,43.583454,-116.58697,-7,1
75701, Tyler, TX,32.325214,-95.29467,-6,1
66101, Kansas City, KS,39.118054,-94.62568,-6,1
27511, Cary, NC,35.755651,-78.77508,-5,1
29301, Spartanburg, SC,34.940921,-81.98682,-5,1
34601, Brooksville, FL,28.566183,-82.38002,-5,1
76301, Wichita Falls, TX,33.916497,-98.47132,-6,1
80509, Colorado Springs, CO,38.828692,-104.84063,-7,1
80001, Arvada, CO,39.522014,-105.223945,-7,1
39440, Laurel, MS,31.701492,-89.1393,-6,1
24112, Martinsville, VA,36.696264,-79.86879,-5,1
20170, Herndon, VA,38.977109,-77.38527,-5,1
20813, Bethesda, MD,39.143979,-77.207617,-5,1
8601, Trenton, NJ,40.280531,-74.712018,-5,1
91501, Burbank, CA,34.186755,-118.30153,-8,1
35801, Huntsville, AL,34.72879,-86.57316,-6,1
90755, Long Beach, CA,33.801783,-118.168691,-8,1
72901, Fort Smith, AR,35.373791,-94.41371,-6,1
29601, Greenville, SC,34.848301,-82.40578,-5,1
85280, Tempe, AZ,33.401395,-111.931298,-7,0
10451, Bronx, NY,40.819729,-73.9223,-5,1
93062, Simi Valley, CA,34.032383,-119.1343,-8,1
98001, Auburn, WA,47.303722,-122.26608,-8,1
29621, Anderson, SC,34.523657,-82.62509,-5,1
44101, Cleveland, OH,41.523401,-81.599648,-5,1
68101, Omaha, NE,41.291736,-96.171104,-6,1
85001, Phoenix, AZ,33.703967,-112.351835,-7,0
33424, Boynton Beach, FL,26.645895,-80.430269,-5,1
33563, Plant City, FL,28.016971,-82.128584,-5,1
80630, Greeley, CO,40.405094,-104.800547,-7,1
92211, Palm Desert, CA,33.759409,-116.32317,-8,1
77801, Bryan, TX,30.637348,-96.36015,-6,1
84057, Orem, UT,40.311854,-111.70561,-7,1
34286, North Port, FL,27.072445,-82.1606,-5,1
91766, Pomona, CA,34.045584,-117.75305,-8,1
33539, Zephyrhills, FL,28.21305,-82.16568,-5,1
98030, Kent, WA,47.369098,-122.192276,-8,1
27833, Greenville, NC,35.580444,-77.392609,-5,1
81301, Durango, CO,37.295888,-107.84945,-7,1
77301, Conroe, TX,30.313308,-95.45085,-6,1
33109, Miami Beach, FL,25.759474,-80.13907,-5,1
35055, Cullman, AL,34.167893,-86.82506,-6,1
2360, Plymouth, MA,41.894676,-70.61999,-5,1
48150, Livonia, MI,42.365936,-83.36513,-5,1
86403, Lake Havasu City, AZ,34.483582,-114.33694,-7,0
24540, Danville, VA,36.622638,-79.39998,-5,1
33454, Lake Worth, FL,26.645895,-80.430269,-5,1
1801, Woburn, MA,42.484545,-71.15206,-5,1
11580, Valley Stream, NY,40.673,-73.70346,-5,1
27045, Rural Hall, NC,36.232354,-80.30391,-5,1
37801, Maryville, TN,35.709071,-84.05015,-5,1
48034, Southfield, MI,42.474234,-83.29078,-5,1
90731, San Pedro, CA,33.732368,-118.28905,-8,1
78520, Brownsville, TX,25.928274,-97.51618,-6,1
60201, Evanston, IL,42.056391,-87.69684,-6,1
32960, Vero Beach, FL,27.636828,-80.40294,-5,1
18101, Allentown, PA,40.602847,-75.47022,-5,1
94518, Concord, CA,37.954122,-122.02506,-8,1
46011, Anderson, IN,40.112913,-85.737,-5,0
1013, Chicopee, MA,42.161492,-72.60316,-5,1
80000, Aurora, CO,39.669637,-104.773083,-7,1
48601, Saginaw, MI,43.413975,-83.91427,-5,1
85250, Scottsdale, AZ,33.521433,-111.90944,-7,0
96150, South Lake Tahoe, CA,38.908741,-120.00992,-8,1
86422, Bullhead City, AZ,35.109303,-114.574004,-7,0
39180, Vicksburg, MS,32.292761,-90.87184,-6,1
36867, Phenix City, AL,32.492304,-85.01943,-6,1
88240, Hobbs, NM,32.70778,-103.16616,-7,1
90501, Torrance, CA,33.828766,-118.31367,-8,1
81001, Pueblo, CO,38.282872,-104.57029,-7,1
47801, Terre Haute, IN,39.433602,-87.410094,-5,0
92334, Fontana, CA,34.839964,-115.967051,-8,1
31401, Savannah, GA,32.068658,-81.09258,-5,1
92019, El Cajon, CA,32.788736,-116.90487,-8,1
6501, New Haven, CT,41.365709,-72.927507,-5,1
20715, Bowie, MD,38.979413,-76.74382,-5,1
33936, Lehigh Acres, FL,26.588982,-81.61163,-5,1
45201, Cincinnati, OH,39.166759,-84.53822,-5,1
55357, Loretto, MN,45.088013,-93.65053,-6,1
95670, Rancho Cordova, CA,38.605355,-121.28247,-8,1
91303, Canoga Park, CA,34.198204,-118.60206,-8,1
32601, Gainesville, FL,29.653195,-82.3244,-5,1
633, Cayey, PR,18.194527,-66.183467,-4,0
70501, Lafayette, LA,30.2334,-92.00959,-6,1
94601, Oakland, CA,37.776835,-122.21792,-8,1
30501, Gainesville, GA,34.306643,-83.82352,-5,1
94301, Palo Alto, CA,37.443688,-122.15071,-8,1
47933, Crawfordsville, IN,40.034554,-86.89143,-5,0
33401, West Palm Beach, FL,26.711192,-80.06043,-5,1
29631, Clemson, SC,34.681255,-82.82176,-5,1
32084, Saint Augustine, FL,29.87131,-81.29464,-5,1
40501, Lexington, KY,38.037847,-84.61645,-5,1
32701, Altamonte Springs, FL,28.666249,-81.36796,-5,1
22150, Springfield, VA,38.778243,-77.18562,-5,1
46901, Kokomo, IN,40.501576,-86.14677,-5,0
29901, Beaufort, SC,32.424353,-80.565343,-5,1
20707, Laurel, MD,39.098475,-76.86571,-5,1
24501, Lynchburg, VA,37.390209,-79.16132,-5,1
17101, Harrisburg, PA,40.261839,-76.88279,-5,1
48340, Pontiac, MI,42.668532,-83.29585,-5,1
77325, Humble, TX,29.83399,-95.434241,-6,1
75040, Garland, TX,32.920574,-96.62639,-6,1
79101, Amarillo, TX,35.206402,-101.83924,-6,1
46801, Fort Wayne, IN,41.093763,-85.070713,-5,0
93301, Bakersfield, CA,35.381408,-119.01935,-8,1
29115, Orangeburg, SC,33.487767,-80.8564,-5,1
1840, Lawrence, MA,42.706941,-71.16181,-5,1
62201, East Saint Louis, IL,38.62855,-90.14609,-6,1
2138, Cambridge, MA,42.379146,-71.12803,-5,1
48331, Farmington, MI,42.508809,-83.40875,-5,1
77901, Victoria, TX,28.806417,-96.99356,-6,1
7201, Elizabeth, NJ,40.669502,-74.19889,-5,1
17601, Lancaster, PA,40.072246,-76.3155,-5,1
21740, Hagerstown, MD,39.633946,-77.73025,-5,1
92069, San Marcos, CA,33.144908,-117.17128,-8,1
1823, Haverhill, MA,42.800429,-71.11087,-5,1
52240, Iowa City, IA,41.649867,-91.52019,-6,1
33948, Port Charlotte, FL,26.984486,-82.14859,-5,1
41011, Covington, KY,39.0752,-84.52064,-5,1
32905, Palm Bay, FL,28.031689,-80.60014,-5,1
6101, Hartford, CT,41.78007,-72.677099,-5,1
98004, Bellevue, WA,47.618371,-122.20308,-8,1
58102, Fargo, ND,46.900348,-96.80016,-6,1
78401, Corpus Christi, TX,27.795805,-97.40019,-6,1
60521, Hinsdale, IL,41.772915,-87.92996,-6,1
75801, Palestine, TX,31.779481,-95.63325,-6,1
1101, Springfield, MA,42.170731,-72.604842,-5,1
96160, Truckee, CA,39.3781,-120.186383,-8,1
12550, Newburgh, NY,41.521593,-74.04072,-5,1
55362, Monticello, MN,45.301337,-93.80774,-6,1
34994, Stuart, FL,27.195291,-80.25225,-5,1
75006, Carrollton, TX,32.960374,-96.89163,-6,1
48322, West Bloomfield, MI,42.541268,-83.37551,-5,1
75149, Mesquite, TX,32.767329,-96.60759,-6,1
91324, Northridge, CA,34.240353,-118.55038,-8,1
60159, Schaumburg, IL,41.811929,-87.68732,-6,1
8101, Camden, NJ,39.80237,-74.938259,-5,1
48315, Utica, MI,42.662902,-82.99392,-5,1
92602, Irvine, CA,33.73297,-117.76932,-8,1
95030, Los Gatos, CA,37.228594,-121.98396,-8,1
66601, Topeka, KS,38.988075,-95.780662,-6,1
21801, Salisbury, MD,38.369675,-75.61214,-5,1
45401, Dayton, OH,39.750471,-84.268593,-5,1
60601, Chicago, IL,41.886456,-87.62325,-6,1
38701, Greenville, MS,33.380388,-91.05187,-6,1
91201, Glendale, CA,34.17013,-118.29158,-8,1
70601, Lake Charles, LA,30.226399,-93.20496,-6,1
93550, Palmdale, CA,34.56548,-118.08549,-8,1
13201, Syracuse, NY,43.02143,-76.197701,-5,1
99801, Juneau, AK,58.358599,-134.54749,-9,1
81501, Grand Junction, CO,39.072831,-108.55,-7,1
38801, Tupelo, MS,34.23615,-88.75665,-6,1
46401, Gary, IN,41.590686,-87.319937,-6,1
91364, Woodland Hills, CA,34.158214,-118.60061,-8,1
20847, Rockville, MD,39.143979,-77.207617,-5,1
72762, Springdale, AR,36.186059,-94.1937,-6,1
21501, Cumberland, MD,39.580691,-78.690593,-5,1
30003, Norcross, GA,33.960353,-84.037859,-5,1
6880, Westport, CT,41.140896,-73.35178,-5,1
11801, Hicksville, NY,40.763355,-73.52323,-5,1
92049, Oceanside, CA,33.016928,-116.846046,-8,1
33380, Winter Haven, FL,28.017179,-81.754949,-5,1
33458, Jupiter, FL,26.928035,-80.11803,-5,1
27320, Reidsville, NC,36.345919,-79.67075,-5,1
13901, Binghamton, NY,42.142575,-75.88783,-5,1
57101, Sioux Falls, SD,43.546358,-96.69063,-6,1
97330, Corvallis, OR,44.608694,-123.2752,-8,1
28739, Hendersonville, NC,35.290454,-82.50652,-5,1
6701, Waterbury, CT,41.365709,-72.927507,-5,1
29501, Florence, SC,34.195705,-79.80977,-5,1
2886, Warwick, RI,41.705478,-71.45119,-5,1
31901, Columbus, GA,32.471492,-84.98005,-5,1
37813, Morristown, TN,36.186008,-83.27474,-5,1
5301, Brattleboro, VT,42.849957,-72.62328,-5,1
91976, Spring Valley, CA,33.016928,-116.846046,-8,1
83701, Boise, ID,43.603768,-116.272921,-7,1
27292, Lexington, NC,35.775789,-80.23174,-5,1
97701, Bend, OR,44.091256,-121.29769,-8,1
90230, Culver City, CA,33.997179,-118.40145,-8,1
36101, Montgomery, AL,32.356988,-86.257817,-6,1
92551, Moreno Valley, CA,33.889035,-117.22046,-8,1
28800, Asheville, NC,35.564734,-82.597992,-5,1
2154, Waltham, MA,42.388938,-71.2398,-5,1
33030, Homestead, FL,25.479438,-80.48687,-5,1
45011, Hamilton, OH,39.404856,-84.52271,-5,1
65201, Columbia, MO,38.926838,-92.29003,-6,1
22601, Winchester, VA,39.179076,-78.16653,-5,1
92570, Perris, CA,33.784051,-117.29812,-8,1
27801, Rocky Mount, NC,35.935125,-77.77076,-5,1
85374, Surprise, AZ,33.643508,-112.38502,-7,0
34450, Inverness, FL,28.829773,-82.29019,-5,1
34952, Port Saint Lucie, FL,27.291694,-80.29691,-5,1
43301, Marion, OH,40.616604,-83.069296,-5,1
95060, Santa Cruz, CA,36.980556,-122.04603,-8,1
29169, West Columbia, SC,33.990952,-81.08956,-5,1
78040, Laredo, TX,27.514845,-99.49991,-6,1
85123, Mesa, AZ,33.427135,-111.758483,-7,0
79601, Abilene, TX,32.500532,-99.69803,-6,1
8753, Toms River, NJ,39.974584,-74.15141,-5,1
48301, Bloomfield Hills, MI,42.546445,-83.28083,-5,1
89041, Pahrump, NV,36.655797,-116.004795,-8,1
19080, Wayne, PA,40.043201,-75.357678,-5,1
16501, Erie, PA,42.122957,-80.08437,-5,1
33701, Saint Petersburg, FL,27.770955,-82.63931,-5,1
72801, Russellville, AR,35.278429,-93.13682,-6,1
28560, New Bern, NC,35.119674,-77.01509,-5,1
33002, Hialeah, FL,25.558428,-80.458168,-5,1
70401, Hammond, LA,30.517866,-90.47254,-6,1
24201, Bristol, VA,36.606582,-82.18087,-5,1
37901, Knoxville, TN,36.032334,-83.884804,-5,1
3301, Concord, NH,43.213705,-71.53774,-5,1
2101, Boston, MA,42.370567,-71.026964,-5,1
74101, Tulsa, OK,36.039147,-95.868667,-6,1
29150, Sumter, SC,33.916418,-80.35738,-5,1
85345, Peoria, AZ,33.573602,-112.23984,-7,0
91718, Corona, CA,33.752886,-116.055617,-8,1
74011, Broken Arrow, OK,35.992283,-95.80542,-6,1
30026, Duluth, GA,33.962979,-84.092267,-5,1
27561, Raleigh, NC,35.898538,-78.738904,-5,1
84201, Ogden, UT,41.244261,-112.007924,-7,1
2029, Providence, RI,41.817398,-71.453674,-5,1
76101, Fort Worth, TX,32.771419,-97.291484,-6,1
31088, Warner Robins, GA,32.594698,-83.64873,-5,1
56301, Saint Cloud, MN,45.526066,-94.20649,-6,1
90660, Pico Rivera, CA,33.989013,-118.08912,-8,1
95050, Santa Clara, CA,37.347791,-121.95131,-8,1
93116, Goleta, CA,34.262834,-119.848555,-8,1
63031, Florissant, MO,38.8016,-90.33662,-6,1
77000, Houston, TX,29.711257,-95.304936,-6,1
34230, Sarasota, FL,27.335023,-82.537169,-5,1
11590, Westbury, NY,40.756287,-73.57536,-5,1
61111, Loves Park, IL,42.326227,-89.02573,-6,1
29801, Aiken, SC,33.569885,-81.71368,-5,1
23690, Yorktown, VA,37.227904,-76.51278,-5,1
45501, Springfield, OH,39.927059,-83.813228,-5,1
49440, Muskegon, MI,43.234014,-86.25131,-5,1
